policy,sample,rmse,hotspot_recall,top_risk_precision,redundancy_rate
random,1,2.787702369617994,0.008333333333333333,0.08333333333333334,0.0
random,2,2.7208813238443272,0.016666666666666666,0.1,0.0
random,3,2.6336466577769553,0.016666666666666666,0.15,0.0
random,4,2.4912657438684276,0.025,0.15833333333333333,0.0
random,5,2.2542279050389693,0.049999999999999996,0.2583333333333334,0.0
random,6,2.15964748693415,0.05833333333333333,0.30000000000000004,0.0
random,7,2.12795880452698,0.05833333333333333,0.32500000000000007,0.0
random,8,2.0831378295507235,0.08333333333333333,0.33333333333333337,0.0
random,9,1.87191036820585,0.1,0.4083333333333334,0.0
random,10,1.8535982397918762,0.1,0.4166666666666667,0.0
random,11,1.8172663309599788,0.1,0.4000000000000001,0.0
random,12,1.74857503207132,0.10833333333333332,0.425,0.0
random,13,1.7451675623900236,0.11666666666666665,0.4166666666666667,0.0
random,14,1.699567031149968,0.11666666666666665,0.4083333333333334,0.0
random,15,1.6898578815439165,0.13333333333333336,0.4083333333333334,0.0
random,16,1.5307786262117085,0.17500000000000002,0.4916666666666667,0.0
random,17,1.5034092659952454,0.18333333333333335,0.4916666666666667,0.0
random,18,1.447288046094211,0.19166666666666668,0.4916666666666667,0.0
random,19,1.387362691919882,0.21666666666666665,0.5416666666666667,0.0
random,20,1.3816493251031425,0.225,0.5416666666666667,0.0
random,21,1.3490921437585786,0.2333333333333333,0.55,0.0
random,22,1.3558749477439833,0.2333333333333333,0.5333333333333334,0.0
random,23,1.2892051358230638,0.24166666666666664,0.5666666666666667,0.0
random,24,1.2540684445863919,0.27499999999999997,0.575,0.0
random,25,1.248654587302086,0.2833333333333333,0.575,0.0
random,26,1.2209736132351992,0.3,0.5833333333333334,0.0
random,27,1.200990029574894,0.31666666666666665,0.5833333333333333,0.0
random,28,1.2040161609610165,0.31666666666666665,0.5833333333333333,0.0
random,29,1.203418927678824,0.325,0.5916666666666667,0.0
random,30,1.1849718619847198,0.33333333333333337,0.5750000000000001,0.0
random,31,1.176799548761791,0.33333333333333337,0.5833333333333333,0.0
random,32,1.117466630611787,0.3416666666666667,0.5833333333333333,0.0
random,33,1.070490229625203,0.35,0.6083333333333333,0.0
random,34,1.0682254054807454,0.3583333333333333,0.6166666666666667,0.0
random,35,1.0585151059961113,0.3666666666666666,0.6166666666666667,0.0
random,36,1.0268942448984113,0.37499999999999994,0.6249999999999999,0.0
random,37,1.0309206665056498,0.37499999999999994,0.6166666666666667,0.0
random,38,1.0285916087060463,0.37499999999999994,0.6166666666666667,0.0
random,39,1.0268152624203188,0.37499999999999994,0.625,0.0
random,40,1.0194478505723579,0.39999999999999997,0.6416666666666667,0.0
grid,1,2.575671793520084,0.008333333333333333,0.19166666666666665,0.0
grid,2,2.5766010476187526,0.008333333333333333,0.1833333333333333,0.0
grid,3,2.5742989293835197,0.008333333333333333,0.1833333333333333,0.0
grid,4,2.5727848306017678,0.008333333333333333,0.19166666666666665,0.0
grid,5,2.5722103260889235,0.008333333333333333,0.2,0.0
grid,6,2.50459894686192,0.008333333333333333,0.13333333333333333,0.0
grid,7,2.4608389131851722,0.008333333333333333,0.13333333333333333,0.0
grid,8,2.3578151094482256,0.008333333333333333,0.19166666666666665,0.0
grid,9,2.31727848449101,0.016666666666666666,0.2,0.0
grid,10,2.2261081348244556,0.016666666666666666,0.175,0.0
grid,11,2.0788774721981467,0.025,0.23333333333333334,0.0
grid,12,1.9942965768933498,0.025,0.2416666666666667,0.0
grid,13,1.8028057215622781,0.03333333333333333,0.29166666666666663,0.0
grid,14,1.752853875345155,0.049999999999999996,0.31666666666666665,0.0
grid,15,1.728274968121309,0.049999999999999996,0.31666666666666665,0.0
grid,16,1.4262943260488483,0.09166666666666666,0.4666666666666667,0.0
grid,17,1.3707763549770557,0.1,0.5083333333333333,0.0
grid,18,1.2106983159617406,0.10833333333333332,0.575,0.0
grid,19,1.1262533533848718,0.13333333333333333,0.5916666666666667,0.0
grid,20,1.1095904714724727,0.13333333333333333,0.5833333333333333,0.0
grid,21,1.0783240271362176,0.13333333333333333,0.5999999999999999,0.0
grid,22,1.0616568442947725,0.13333333333333333,0.6,0.0
grid,23,1.0545775341486663,0.13333333333333333,0.6,0.0
grid,24,1.051354693155294,0.14166666666666666,0.6,0.0
grid,25,1.0486267760255985,0.14999999999999997,0.6333333333333333,0.0
grid,26,0.9854397868948508,0.1833333333333333,0.6416666666666666,0.0
grid,27,0.9659460757604899,0.19166666666666662,0.6583333333333333,0.0
grid,28,0.9634156035743798,0.19166666666666662,0.6333333333333333,0.0
grid,29,0.9488573814801706,0.21666666666666665,0.6333333333333333,0.0
grid,30,0.9380506675418274,0.22499999999999995,0.6416666666666666,0.0
grid,31,0.9392010255402481,0.22499999999999995,0.6416666666666666,0.0
grid,32,0.909487494216769,0.2333333333333333,0.6666666666666666,0.0
grid,33,0.92019101219372,0.25,0.6666666666666666,0.0
grid,34,0.9134204713845371,0.25,0.6666666666666666,0.0
grid,35,0.906323934577,0.26666666666666666,0.675,0.0
grid,36,0.9060688985911923,0.26666666666666666,0.675,0.0
grid,37,0.9056724674821103,0.275,0.675,0.0
grid,38,0.9054972071786949,0.2833333333333333,0.675,0.0
grid,39,0.8992668653822884,0.29166666666666663,0.6583333333333332,0.0
grid,40,0.9033529274068981,0.29999999999999993,0.6583333333333332,0.0
historical_frequency,1,2.4102808334706682,0.075,0.36666666666666664,0.0
historical_frequency,2,2.2952590941078626,0.15,0.3916666666666667,0.0
historical_frequency,3,2.3678509436848696,0.20833333333333334,0.425,0.0
historical_frequency,4,2.3137646343178835,0.2583333333333333,0.41666666666666663,0.0
historical_frequency,5,2.217913363443471,0.2666666666666666,0.4416666666666667,0.0
historical_frequency,6,2.180141294887881,0.3083333333333333,0.425,0.0
historical_frequency,7,2.1234227858223576,0.3333333333333333,0.4583333333333333,0.0
historical_frequency,8,2.056176662904088,0.3416666666666667,0.4416666666666667,0.0
historical_frequency,9,1.9088471756189065,0.36666666666666664,0.4749999999999999,0.0
historical_frequency,10,1.8780730277274984,0.39166666666666666,0.4999999999999999,0.0
historical_frequency,11,1.83355200201016,0.4166666666666667,0.4999999999999999,0.0
historical_frequency,12,1.754234754950134,0.45,0.5083333333333333,0.0
historical_frequency,13,1.7599010307319891,0.45,0.5,0.0
historical_frequency,14,1.7059756065472027,0.475,0.5250000000000001,0.0
historical_frequency,15,1.6985038751113606,0.4916666666666667,0.5000000000000001,0.0
historical_frequency,16,1.6692719139516345,0.5166666666666667,0.5083333333333335,0.0
historical_frequency,17,1.6529513705982677,0.5166666666666667,0.55,0.0
historical_frequency,18,1.5887454650223956,0.525,0.6,0.0
historical_frequency,19,1.5251541387543868,0.5416666666666666,0.5916666666666666,0.0
historical_frequency,20,1.4351590975911537,0.5416666666666666,0.6166666666666667,0.0
historical_frequency,21,1.3153475580115555,0.5583333333333332,0.625,0.0
historical_frequency,22,1.265883982793108,0.5666666666666667,0.6333333333333333,0.0
historical_frequency,23,1.2579921252254558,0.575,0.6416666666666666,0.0
historical_frequency,24,1.2536723638473783,0.5916666666666668,0.65,0.0
historical_frequency,25,1.2363090430679153,0.6000000000000001,0.6499999999999999,0.0
historical_frequency,26,1.2322148619452291,0.6000000000000001,0.6416666666666666,0.0
historical_frequency,27,1.2256762980234275,0.6250000000000001,0.6333333333333333,0.0
historical_frequency,28,1.187508649280092,0.6333333333333334,0.6416666666666667,0.0
historical_frequency,29,1.1732960483775419,0.6333333333333334,0.6333333333333333,0.0
historical_frequency,30,1.1207400511608667,0.6583333333333334,0.6583333333333334,0.0
historical_frequency,31,1.1188312701355971,0.6666666666666666,0.65,0.0
historical_frequency,32,1.176710869367922,0.6833333333333333,0.6666666666666666,0.0
historical_frequency,33,1.1782985242881805,0.6916666666666667,0.6666666666666667,0.0
historical_frequency,34,1.0822895724994557,0.7083333333333333,0.6666666666666667,0.0
historical_frequency,35,1.0634968115729269,0.725,0.6666666666666667,0.0
historical_frequency,36,1.0660291614496384,0.725,0.6666666666666667,0.0
historical_frequency,37,1.0492668675292762,0.7500000000000001,0.6833333333333333,0.0
historical_frequency,38,1.0513268939956777,0.7666666666666667,0.675,0.0
historical_frequency,39,1.0350854088050454,0.7916666666666667,0.6833333333333333,0.0
historical_frequency,40,1.0282384757097487,0.8083333333333332,0.7,0.0
ucb,1,2.706340212065515,0.008333333333333333,0.14999999999999997,0.0
ucb,2,2.650300609697588,0.008333333333333333,0.175,0.0
ucb,3,2.7008343273596016,0.025,0.20833333333333331,0.0
ucb,4,2.5013775179204774,0.03333333333333333,0.2916666666666667,0.0
ucb,5,2.354684587773687,0.049999999999999996,0.30833333333333335,0.0
ucb,6,2.2373971209236343,0.05833333333333333,0.375,0.0
ucb,7,2.1647206256634024,0.05833333333333333,0.3833333333333333,0.0
ucb,8,2.139578906512903,0.05833333333333333,0.3833333333333333,0.0
ucb,9,2.03084870207217,0.06666666666666668,0.3916666666666667,0.0
ucb,10,1.8679918685109502,0.075,0.4583333333333333,0.0
ucb,11,1.9233707294386875,0.08333333333333333,0.4666666666666667,0.0
ucb,12,1.848175001840636,0.10833333333333332,0.4833333333333334,0.0
ucb,13,1.823347896415937,0.125,0.5083333333333334,0.0
ucb,14,1.7765727377793135,0.15,0.5166666666666667,0.0
ucb,15,1.752026153881753,0.15,0.5083333333333334,0.0
ucb,16,1.6830612236560483,0.15,0.5250000000000001,0.0
ucb,17,1.67167665191984,0.15,0.5333333333333334,0.0
ucb,18,1.629333469098474,0.15833333333333333,0.55,0.0
ucb,19,1.550133110327374,0.15833333333333333,0.55,0.0
ucb,20,1.4004938793991497,0.17500000000000002,0.6,0.0
ucb,21,1.3940733248087467,0.19166666666666665,0.5833333333333333,0.0
ucb,22,1.219054024320112,0.21666666666666665,0.6083333333333334,0.0
ucb,23,1.2068256805794368,0.225,0.6166666666666667,0.0
ucb,24,1.1633888156319976,0.2333333333333333,0.6250000000000001,0.0
ucb,25,1.1493385069341493,0.24999999999999994,0.6333333333333334,0.0
ucb,26,1.1537617074585538,0.26666666666666666,0.6166666666666667,0.0
ucb,27,1.1422575882300963,0.275,0.6333333333333334,0.0
ucb,28,1.1419041281091131,0.275,0.6333333333333334,0.0
ucb,29,1.116169298461634,0.29166666666666663,0.6166666666666667,0.0
ucb,30,1.1070179824690274,0.29166666666666663,0.625,0.0
ucb,31,1.082232330309869,0.3083333333333333,0.6416666666666667,0.0
ucb,32,1.0734094417832274,0.31666666666666665,0.6416666666666667,0.0
ucb,33,1.0774159773989782,0.33333333333333337,0.6416666666666667,0.0
ucb,34,1.0671751773677798,0.33333333333333337,0.6416666666666667,0.0
ucb,35,1.052091667144335,0.3416666666666667,0.65,0.0
ucb,36,1.023731962729887,0.35833333333333334,0.6666666666666667,0.0
ucb,37,1.0280062900460532,0.3666666666666667,0.6666666666666667,0.0
ucb,38,1.02550191778653,0.37500000000000006,0.6583333333333333,0.0
ucb,39,1.0181252338644,0.38333333333333336,0.6583333333333333,0.0
ucb,40,1.0190310461844685,0.38333333333333336,0.6833333333333333,0.0
thompson,1,2.8537582065555744,0.0,0.075,0.0
thompson,2,2.6259582670372232,0.008333333333333333,0.19999999999999998,0.0
thompson,3,2.584570710911594,0.008333333333333333,0.2,0.0
thompson,4,2.5337740238459063,0.016666666666666666,0.22500000000000003,0.0
thompson,5,2.583058566784678,0.041666666666666664,0.2333333333333334,0.0
thompson,6,2.4515574472434114,0.058333333333333334,0.25833333333333336,0.0
thompson,7,2.342592093266798,0.075,0.2833333333333333,0.0
thompson,8,2.2326049123077727,0.08333333333333333,0.31666666666666665,0.0125
thompson,9,2.1039376272107737,0.08333333333333333,0.35833333333333334,0.011111111111111117
thompson,10,2.035756789373318,0.08333333333333333,0.38333333333333336,0.009999999999999998
thompson,11,1.986626127124119,0.08333333333333333,0.37500000000000006,0.009090909090909094
thompson,12,1.8591505547240257,0.09999999999999999,0.4,0.008333333333333337
thompson,13,1.8001906220971613,0.10833333333333332,0.4333333333333334,0.0076923076923076875
thompson,14,1.8266004281359411,0.12499999999999997,0.4333333333333334,0.00714285714285714
thompson,15,1.7184654876720766,0.14999999999999997,0.45833333333333337,0.006666666666666665
thompson,16,1.6636586631027588,0.16666666666666666,0.4583333333333333,0.00625
thompson,17,1.576913717187575,0.16666666666666666,0.4416666666666666,0.005882352941176472
thompson,18,1.5213995506115419,0.175,0.4833333333333333,0.005555555555555558
thompson,19,1.503323902061973,0.175,0.4833333333333333,0.005263157894736847
thompson,20,1.4760987180294811,0.175,0.4999999999999999,0.010000000000000009
thompson,21,1.463941391801926,0.1833333333333333,0.4999999999999999,0.014285714285714301
thompson,22,1.4558953089862041,0.1833333333333333,0.4999999999999999,0.018181818181818167
thompson,23,1.4394275758187314,0.1833333333333333,0.4916666666666666,0.021739130434782594
thompson,24,1.4253311273805278,0.19166666666666665,0.4833333333333333,0.020833333333333315
thompson,25,1.402159172596169,0.19999999999999998,0.5,0.02400000000000002
thompson,26,1.3793439207341531,0.19999999999999998,0.5083333333333333,0.02307692307692306
thompson,27,1.2765985570660856,0.225,0.5833333333333334,0.022222222222222254
thompson,28,1.2680181701786524,0.225,0.5833333333333333,0.02142857142857142
thompson,29,1.2394442282828853,0.2333333333333334,0.5833333333333333,0.02068965517241377
thompson,30,1.2307921160235191,0.2333333333333334,0.5833333333333333,0.019999999999999997
thompson,31,1.233353576489376,0.2333333333333334,0.5833333333333333,0.019354838709677403
thompson,32,1.2375739268868033,0.2416666666666667,0.5833333333333333,0.01875
thompson,33,1.2199955790517616,0.2416666666666667,0.5916666666666666,0.018181818181818167
thompson,34,1.2107143459070435,0.2416666666666667,0.5916666666666666,0.017647058823529415
thompson,35,1.1641184185901907,0.2416666666666667,0.5833333333333333,0.017142857142857147
thompson,36,1.1115625942939427,0.25833333333333336,0.6,0.016666666666666673
thompson,37,1.0913086363927742,0.2666666666666667,0.6,0.016216216216216182
thompson,38,1.084392099432321,0.2666666666666667,0.6083333333333333,0.01578947368421051
thompson,39,1.0752710968293195,0.2833333333333333,0.6083333333333333,0.015384615384615396
thompson,40,1.0741527782625002,0.2916666666666667,0.6083333333333333,0.015000000000000013
linucb_context,1,2.573145910628096,0.03333333333333333,0.21666666666666665,0.0
linucb_context,2,2.453686333221674,0.05833333333333333,0.275,0.1
linucb_context,3,2.395098755315251,0.06666666666666667,0.31666666666666665,0.2333333333333334
linucb_context,4,2.3988010168985534,0.06666666666666667,0.30833333333333335,0.25
linucb_context,5,2.318463322198198,0.06666666666666667,0.325,0.19999999999999996
linucb_context,6,2.1546276936372695,0.08333333333333334,0.3916666666666667,0.1666666666666666
linucb_context,7,2.0544749522319856,0.1,0.4416666666666667,0.18571428571428567
linucb_context,8,2.061307737645598,0.10833333333333332,0.4333333333333333,0.1875
linucb_context,9,1.9621036955328144,0.14166666666666666,0.4666666666666667,0.20000000000000004
linucb_context,10,1.8431619969617994,0.14999999999999997,0.5083333333333334,0.22999999999999998
linucb_context,11,1.7591362462370292,0.19166666666666665,0.4916666666666667,0.23636363636363633
linucb_context,12,1.6740401493955535,0.2166666666666667,0.5083333333333333,0.25
linucb_context,13,1.6440688587365724,0.2333333333333333,0.525,0.23846153846153845
linucb_context,14,1.5783429462971739,0.2666666666666667,0.5333333333333333,0.25
linucb_context,15,1.4692816020814348,0.3083333333333334,0.5499999999999999,0.26
linucb_context,16,1.434099057484239,0.32500000000000007,0.5666666666666667,0.2625
linucb_context,17,1.4190843672128959,0.3416666666666667,0.5833333333333333,0.2647058823529412
linucb_context,18,1.3796080041155652,0.3666666666666667,0.6,0.26111111111111107
linucb_context,19,1.3509762586855487,0.3833333333333334,0.625,0.27368421052631586
linucb_context,20,1.2969776727190396,0.3916666666666667,0.6166666666666667,0.275
linucb_context,21,1.3236659639222188,0.4166666666666667,0.6,0.2761904761904762
linucb_context,22,1.3233528939480002,0.4499999999999999,0.6,0.2863636363636364
linucb_context,23,1.267231160216489,0.4916666666666667,0.625,0.28260869565217395
linucb_context,24,1.2514829601595099,0.5166666666666667,0.6333333333333333,0.2875
linucb_context,25,1.22207638562294,0.5250000000000001,0.6416666666666667,0.28800000000000003
linucb_context,26,1.2127037483254435,0.5416666666666667,0.6333333333333334,0.29230769230769227
linucb_context,27,1.214691990614367,0.5833333333333333,0.625,0.30000000000000004
linucb_context,28,1.187748361498288,0.6249999999999999,0.625,0.29999999999999993
linucb_context,29,1.181801913864744,0.6333333333333333,0.6166666666666667,0.31034482758620696
linucb_context,30,1.1787177639649387,0.6499999999999999,0.6083333333333334,0.30999999999999994
linucb_context,31,1.1558820192569015,0.6666666666666666,0.6166666666666667,0.31290322580645163
linucb_context,32,1.1567586642333156,0.6749999999999999,0.6333333333333334,0.3125
linucb_context,33,1.1477964485604788,0.6833333333333333,0.6416666666666666,0.31818181818181823
linucb_context,34,1.1459844071357657,0.6916666666666667,0.6416666666666666,0.32352941176470584
linucb_context,35,1.1339443182907136,0.7,0.65,0.32857142857142857
linucb_context,36,1.0936866716590532,0.7083333333333333,0.6666666666666667,0.33333333333333337
linucb_context,37,1.0974807666492918,0.7166666666666666,0.6666666666666667,0.33783783783783783
linucb_context,38,1.0939393252179728,0.7166666666666666,0.6666666666666667,0.3447368421052632
linucb_context,39,1.0791902484500422,0.7249999999999999,0.6666666666666667,0.3487179487179487
linucb_context,40,1.0621297918495451,0.7333333333333332,0.6666666666666667,0.355
linucb_reconstruction,1,2.5700755610705657,0.03333333333333333,0.21666666666666665,0.0
linucb_reconstruction,2,2.431969144846235,0.05833333333333333,0.3,0.05
linucb_reconstruction,3,2.344467101424185,0.06666666666666667,0.3,0.16666666666666669
linucb_reconstruction,4,2.344542436431124,0.06666666666666667,0.3,0.225
linucb_reconstruction,5,2.1877491976005077,0.06666666666666667,0.3166666666666667,0.19999999999999996
linucb_reconstruction,6,2.13356360816454,0.06666666666666667,0.3416666666666667,0.1666666666666666
linucb_reconstruction,7,2.0285042871177366,0.09166666666666666,0.3833333333333333,0.17142857142857143
linucb_reconstruction,8,1.9527322679385093,0.11666666666666667,0.4083333333333333,0.1625
linucb_reconstruction,9,1.8379396087306925,0.14166666666666666,0.4166666666666667,0.18888888888888894
linucb_reconstruction,10,1.7249037432578038,0.16666666666666666,0.4833333333333334,0.21999999999999997
linucb_reconstruction,11,1.614848328884164,0.21666666666666665,0.4916666666666667,0.21818181818181817
linucb_reconstruction,12,1.5843369817906676,0.2333333333333333,0.5083333333333333,0.225
linucb_reconstruction,13,1.470309836442119,0.2666666666666667,0.5583333333333333,0.23076923076923075
linucb_reconstruction,14,1.5426145998922824,0.2833333333333333,0.5416666666666666,0.24285714285714283
linucb_reconstruction,15,1.5966849791315263,0.30833333333333335,0.575,0.2533333333333333
linucb_reconstruction,16,1.5475555853495297,0.30833333333333335,0.6083333333333334,0.25625
linucb_reconstruction,17,1.4715054134284362,0.3416666666666667,0.6083333333333334,0.2588235294117647
linucb_reconstruction,18,1.3035574483996577,0.37499999999999994,0.6166666666666667,0.2555555555555555
linucb_reconstruction,19,1.2297708922953299,0.4166666666666667,0.6333333333333334,0.25263157894736843
linucb_reconstruction,20,1.225429758138802,0.4333333333333333,0.6416666666666667,0.26999999999999996
linucb_reconstruction,21,1.2350646737864261,0.45,0.6333333333333333,0.27142857142857146
linucb_reconstruction,22,1.201077220233654,0.475,0.65,0.2772727272727273
linucb_reconstruction,23,1.1970213775300422,0.4916666666666666,0.6583333333333334,0.29130434782608694
linucb_reconstruction,24,1.1935218361604831,0.5,0.6583333333333334,0.2875
linucb_reconstruction,25,1.1867081774258814,0.5416666666666667,0.6666666666666667,0.2879999999999999
linucb_reconstruction,26,1.1748935676548222,0.5666666666666667,0.6583333333333333,0.2961538461538461
linucb_reconstruction,27,1.1652231762845495,0.5999999999999999,0.65,0.3
linucb_reconstruction,28,1.1520176849446817,0.6166666666666666,0.675,0.3107142857142857
linucb_reconstruction,29,1.1291505747687764,0.6416666666666666,0.6833333333333333,0.31034482758620696
linucb_reconstruction,30,1.0991046726538585,0.6499999999999999,0.6833333333333333,0.31333333333333335
linucb_reconstruction,31,1.07238403315499,0.6666666666666666,0.675,0.32258064516129037
linucb_reconstruction,32,1.1088917580836233,0.6916666666666667,0.6583333333333334,0.321875
linucb_reconstruction,33,1.0750953944575417,0.7,0.6583333333333334,0.33333333333333337
linucb_reconstruction,34,1.057575813261924,0.7083333333333333,0.675,0.3323529411764706
linucb_reconstruction,35,1.0554725533891516,0.7083333333333333,0.675,0.34285714285714286
linucb_reconstruction,36,1.056217789409148,0.7083333333333333,0.675,0.35833333333333334
linucb_reconstruction,37,1.0541938922238097,0.7166666666666666,0.6833333333333333,0.3648648648648648
linucb_reconstruction,38,1.0256947815619344,0.7249999999999999,0.7083333333333334,0.3684210526315789
linucb_reconstruction,39,1.017362937189272,0.7249999999999999,0.7166666666666667,0.37435897435897436
linucb_reconstruction,40,1.0173090147676043,0.7416666666666666,0.7083333333333334,0.375
greedy_oracle,1,2.5753484319237776,0.08333333333333334,0.5416666666666666,0.0
greedy_oracle,2,2.5990915880685983,0.16666666666666669,0.5416666666666666,0.0
greedy_oracle,3,2.4400808304734207,0.25,0.6083333333333333,0.0
greedy_oracle,4,2.350074007784721,0.33333333333333337,0.6083333333333333,0.0
greedy_oracle,5,2.1587165654858342,0.41666666666666663,0.5999999999999999,0.0
greedy_oracle,6,2.1450587891609283,0.5,0.6166666666666666,0.0
greedy_oracle,7,2.1118920431589414,0.5833333333333333,0.625,0.0
greedy_oracle,8,2.17495447143215,0.6666666666666667,0.6166666666666667,0.0
greedy_oracle,9,2.0662649780433266,0.75,0.5916666666666666,0.0
greedy_oracle,10,2.0526144487788534,0.8333333333333333,0.5833333333333333,0.0
greedy_oracle,11,1.7502619269611315,0.9166666666666666,0.6166666666666666,0.0
greedy_oracle,12,1.8667820950698886,1.0,0.525,0.0
greedy_oracle,13,1.7993102606717692,1.0,0.5583333333333333,0.0
greedy_oracle,14,1.7788047060262897,1.0,0.5666666666666667,0.0
greedy_oracle,15,1.7126440128336557,1.0,0.55,0.0
greedy_oracle,16,1.6992360619340718,1.0,0.5666666666666667,0.0
greedy_oracle,17,1.6254844354161861,1.0,0.5833333333333333,0.0
greedy_oracle,18,1.5963111605424296,1.0,0.5833333333333333,0.0
greedy_oracle,19,1.5264152313871082,1.0,0.575,0.0
greedy_oracle,20,1.519748187346077,1.0,0.5916666666666666,0.0
greedy_oracle,21,1.4334098982349748,1.0,0.6083333333333333,0.0
greedy_oracle,22,1.4475764657741967,1.0,0.6083333333333333,0.0
greedy_oracle,23,1.423893926627724,1.0,0.625,0.0
greedy_oracle,24,1.4351475253021753,1.0,0.6166666666666666,0.0
greedy_oracle,25,1.3987344043760104,1.0,0.6499999999999999,0.0
greedy_oracle,26,1.360823228728567,1.0,0.6499999999999999,0.0
greedy_oracle,27,1.3131611015839426,1.0,0.6583333333333333,0.0
greedy_oracle,28,1.0976727718804486,1.0,0.6666666666666666,0.0
greedy_oracle,29,1.0874611552809559,1.0,0.675,0.0
greedy_oracle,30,1.0849630148451848,1.0,0.675,0.0
greedy_oracle,31,1.0550675441386255,1.0,0.6666666666666666,0.0
greedy_oracle,32,1.0073860114244162,1.0,0.675,0.0
greedy_oracle,33,0.9943348476948539,1.0,0.6833333333333333,0.0
greedy_oracle,34,0.9812491758917229,1.0,0.6833333333333333,0.0
greedy_oracle,35,0.9682034652472433,1.0,0.6833333333333333,0.0
greedy_oracle,36,0.9635787163712148,1.0,0.6833333333333333,0.0
greedy_oracle,37,0.9404282096972182,1.0,0.7083333333333333,0.0
greedy_oracle,38,0.9058957956907635,1.0,0.7083333333333333,0.0
greedy_oracle,39,0.900943385018808,1.0,0.7083333333333333,0.0
greedy_oracle,40,0.8937940785355913,1.0,0.7083333333333333,0.0
